location,checkout,dairy,drinks,fruit,spices
entrance,0.0,0.24605635701766213,0.2825940407172711,0.34447889982472696,0.12687070244033977
dairy,0.12012603387160299,0.7368480279075001,0.005964102852641647,0.06869971304788162,0.0683621223203736
drinks,0.11649187744190828,0.10754678182192062,0.5987045033929673,0.07166358215093564,0.10559325519226814
fruit,0.22064841045011016,0.06995593327038087,0.06728045325779036,0.5971828769279194,0.04493232609379918
spices,0.2140809174896464,0.14622491239248167,0.1347562918126792,0.10289901242433896,0.4020388658808538
